mAP50-95,mAP50,mAP75
0.4853145741741626,0.567376970700942,0.5019489423552436
