mAP50-95,mAP50,mAP75
0.49459194589097294,0.5817807794273362,0.5119557183732555
