mAP50-95,mAP50,mAP75
0.46203523260302115,0.5482649093090093,0.4820549942632626
